Artist,PlayCount
Muse,1558
Ash,1312
Feeder,1157
Queen,949
Frank Turner,813
Stereophonics,576
Idlewild,551
Train,478
Lifehouse,475
Arctic Monkeys,469
Fleetwood Mac,467
The Subways,418
Weezer,398
Royal Blood,357
Foo Fighters,354
Snow Patrol,352
Green Day,333
The Killers,331
blink-182,316
Manic Street Preachers,306
The Beautiful South,303
The Corrs,282
The Pretenders,281
Red Hot Chili Peppers,275
Vampire Weekend,256
Crowded House,247
The Smashing Pumpkins,246
Bon Jovi,242
Embrace,242
Coldplay,235
Keane,233
Robbie Williams,232
Arcade Fire,231
AC/DC,226
The Calling,223
Matchbox Twenty,216
Radiohead,201
The Long Blondes,201
Paramore,195
Taylor Swift,190
Hot Hot Heat,188
Kasabian,188
Elbow,185
The Offspring,185
Streetlight Manifesto,179
Metallica,178
Adele,173
Jimmy Eat World,169
Oasis,164
The Beatles,161
New Found Glory,160
David Bowie,157
Florence + the Machine,154
Bastille,153
Los Campesinos!,153
Athlete,152
The Cure,152
U2,151
Bowling for Soup,146
White Lies,146
Madonna,145
Milburn,144
We Are Scientists,144
Linkin Park,143
HAIM,139
The Darkness,139
Doves,138
The Strokes,138
Sum 41,137
Yeah Yeah Yeahs,136
Blur,135
Alan Menken,132
Eminem,132
Texas,129
Lostprophets,126
No Doubt,125
Mystery Jets,123
Natalie Imbruglia,123
Travis,123
3 Doors Down,122
Biffy Clyro,121
Editors,120
Razorlight,120
Maroon 5,117
Ellie Goulding,116
Semisonic,116
Kelly Clarkson,113
Pulp,111
Thin Lizzy,111
Jet,110
Bloc Party,109
Garbage,108
The King Blues,108
Bellowhead,107
Nirvana,107
Ocean Colour Scene,107
Queens of the Stone Age,107
Franz Ferdinand,106
James,106
Ed Sheeran,105
My Chemical Romance,104
R.E.M.,104
The Gaslight Anthem,102
The Courteeners,101
The 1975,100
Avril Lavigne,99
Imagine Dragons,99
Noah and the Whale,99
Elton John,97
Måneskin,97
Kings of Leon,95
The Coral,94
Silversun Pickups,92
Starsailor,92
The Cranberries,92
Daft Punk,91
Del Amitri,91
The Vaccines,90
Mumford & Sons,88
The Smiths,87
Thomas Newman,86
The Libertines,85
The Rolling Stones,85
The Clash,84
Eagles,82
Paolo Nutini,82
Stevie Wonder,82
Duran Duran,81
Aerosmith,80
Passenger,79
The Script,79
The Wombats,79
Placebo,78
Pink Floyd,77
Kaiser Chiefs,76
The Lonely Island,76
Catfish and the Bottlemen,75
Dire Straits,75
Pixies,75
Caro Emerald,74
Fall Out Boy,74
John Williams,74
Rage Against the Machine,74
P!nk,73
The Human League,73
Electric Light Orchestra,72
Guns N' Roses,72
Creedence Clearwater Revival,71
Hoobastank,71
Mike & The Mechanics,71
Sara Bareilles,71
Alanis Morissette,70
Michael Jackson,70
Vertical Horizon,70
The Cribs,69
HIM,68
Iron Maiden,68
Lighthouse Family,68
The Maccabees,68
The Feeling,66
Bryan Adams,65
Evanescence,65
Faith Hill,65
Led Zeppelin,65
Air Traffic,64
Bonnie Tyler,64
Interpol,64
OK Go,64
Sonic Boom Six,64
The Prodigy,64
The Enemy,63
Foals,62
The Kooks,62
Bruce Springsteen,61
Little Man Tate,61
CHVRCHES,60
Counting Crows,60
Madness,60
a-ha,58
Catatonia,58
Katy Perry,58
Kylie Minogue,58
Phil Collins,58
Prince,58
The White Stripes,58
Eurythmics,57
Maxïmo Park,57
Pat Benatar,57
Sugar Ray,57
The All-American Rejects,57
KT Tunstall,56
Charlotte Hatherley,55
Nickelback,55
Tracy Chapman,55
Beyoncé,54
Def Leppard,54
Reel Big Fish,54
Roxette,54
The Kinks,54
B*Witched,53
Christina Aguilera,53
Glasvegas,53
Seth Lakeman,53
Sheryl Crow,53
Two Door Cinema Club,53
Blondie,52
Kids in Glass Houses,52
Paloma Faith,52
Sash!,52
Suede,52
The Jam,52
The Verve,52
Jason Mraz,51
Klaxons,51
Paul Weller,51
Richard Hawley,51
Tenacious D,51
The Lightning Seeds,51
UB40,51
Jake Bugg,50
Lady Gaga,50
Pearl Jam,50
Supergrass,50
The Hold Steady,50
The Stone Roses,50
ABBA,49
Daniel Bedingfield,49
Eagle-Eye Cherry,49
James Blunt,49
Meat Loaf,49
Tom Jones,49
alt-J,48
Bloodhound Gang,48
Elastica,48
Kodaline,48
Scissor Sisters,48
The Futureheads,48
The Who,48
Third Eye Blind,48
Twin Atlantic,48
Jamiroquai,47
Nik Kershaw,47
Primal Scream,47
Steps,47
Adam and the Ants,46
Bombay Bicycle Club,46
Heart,46
Hundred Reasons,46
Billy Idol,45
Billy Talent,45
The Thrills,45
Beastie Boys,44
Bruno Mars,44
Flight of the Conchords,44
Get Cape. Wear Cape. Fly,44
Goo Goo Dolls,44
INXS,44
M People,44
New Order,44
Paul Simon,44
Santana,44
Shania Twain,44
Status Quo,44
Talking Heads,44
The Black Keys,44
The Duckworth Lewis Method,44
The Fratellis,44
Bee Gees,43
Dodgy,43
Flo & Joan,43
Scouting for Girls,43
The Housemartins,43
Wolfmother,43
Billy Joel,42
Cher,42
Fatboy Slim,42
Of Monsters and Men,42
The Last Shadow Puppets,42
The Rakes,42
Jack Peñate,41
Justin Timberlake,41
Longview,41
OneRepublic,41
Pet Shop Boys,41
Basement Jaxx,40
Beck,40
Good Charlotte,40
Johnny Cash,40
Lenny Kravitz,40
Sixpence None the Richer,40
T. Rex,40
The Hives,40
The Temper Trap,40
Alien Ant Farm,39
Hall & Oates,39
Justin Hurwitz,39
Limp Bizkit,39
Reef,39
Simple Minds,39
Sing Street,39
Wings,39
Britney Spears,38
Joss Stone,38
Journey,38
Michael Giacchino,38
Miles Kane,38
The Undertones,38
Van Halen,38
Van Morrison,38
Box Car Racer,37
Cast,37
Delta Goodrem,37
Five,37
Jessie J,37
Savage Garden,37
The Dandy Warhols,37
The Vines,37
Wham!,37
Belinda Carlisle,36
McFly,36
MGMT,36
Switchfoot,36
The Cardigans,36
The Proclaimers,36
Ace of Base,35
Barenaked Ladies,35
Frankie Goes to Hollywood,35
I'm from Barcelona,35
S Club 7,35
Simply Red,35
Skunk Anansie,35
The Axis of Awesome,35
The Holloways,35
The Zutons,35
Aqua,34
Hans Zimmer,34
Neon Trees,34
Take That,34
The Distillers,34
Dolly Parton,33
Eels,33
Fountains of Wayne,33
Incubus,33
Jimi Hendrix,33
Keira Knightley,33
Louis Armstrong,33
Men at Work,33
Simon & Garfunkel,33
Slipknot,33
Sonic Youth,33
Starship,33
A,32
Ben Howard,32
Frank Sinatra,32
Haircut 100,32
Jóhann Jóhannsson,32
Norah Jones,32
Spandau Ballet,32
Stornoway,32
System of a Down,32
The Rumble Strips,32
Tori Amos,32
Alice Cooper,31
Deep Blue Something,31
Dido,31
Fine Young Cannibals,31
Gabrielle,31
Monty Python,31
Soundgarden,31
Sugababes,31
Sugarcult,31
Tears for Fears,31
The Divine Comedy,31
Wolf Alice,31
Amy Winehouse,30
Aretha Franklin,30
Flogging Molly,30
George Ezra,30
Kiss,30
Melanie C,30
Rooster,30
Rudimental,30
Speedway,30
Spice Girls,30
Stacie Orrico,30
Wet Leg,30
Whitesnake,30
Bring Me the Horizon,29
Elvis Presley,29
Hole,29
Joy Division,29
Lily Allen,29
Mark Ronson,29
Operation Ivy,29
Phoenix,29
Rooney,29
The Automatic,29
The La's,29
The Pigeon Detectives,29
Tina Turner,29
Toto,29
Wheatus,29
Amy Macdonald,28
Carrie Underwood,28
Cherryfalls,28
David Gray,28
Faith No More,28
Foreigner,28
LeAnn Rimes,28
The Beach Boys,28
The Naked and Famous,28
Thirteen Senses,28
Vengaboys,28
Yes,28
Boney M.,27
Depeche Mode,27
Jess Glynne,27
Marvin Gaye,27
Natasha Bedingfield,27
Noel Gallagher's High Flying Birds,27
Olly Murs,27
One Night Only,27
Rush,27
The Airborne Toxic Event,27
The B-52's,27
The Bravery,27
The Flaming Lips,27
They Might Be Giants,27
Tom Odell,27
Alkaline Trio,26
Audioslave,26
Calvin Harris,26
Dean Martin,26
Dexys Midnight Runners,26
Fyfe Dangerfield,26
George Michael,26
Kenny Loggins,26
Kool & the Gang,26
Motörhead,26
Nerina Pallot,26
NOFX,26
Ramones,26
Robert Palmer,26
Seal,26
Shakira,26
Smash Mouth,26
Sublime,26
The Bluetones,26
The Shadows,26
Toploader,26
Warpaint,26
Avicii,25
Black Sabbath,25
Blossoms,25
Huey Lewis & The News,25
Kate Bush,25
Levellers,25
Orchestral Manoeuvres in the Dark,25
The Mamas & the Papas,25
The Monkees,25
Turin Brakes,25
Badly Drawn Boy,24
Boston,24
Cake,24
Cat Stevens,24
Emeli Sandé,24
Kate Nash,24
Lene Marlin,24
Marillion,24
Mark Knopfler,24
Plan B,24
Sarah McLachlan,24
Space,24
The Charlatans,24
The Twang,24
Twisted Sister,24
Alicia Keys,23
Billie Eilish,23
Bob Dylan,23
Ella Fitzgerald,23
Gorillaz,23
Groove Armada,23
Ida Maria,23
Kula Shaker,23
Lana Del Rey,23
Longpigs,23
Mona,23
Newton Faulkner,23
Portishead,23
Regina Spektor,23
Shed Seven,23
Something Corporate,23
The Big Pink,23
The Chemical Brothers,23
The Pogues,23
The Rasmus,23
The View,23
Will Young,23
Girls Aloud,22
Len,22
Marina,22
Nero,22
Poison,22
Samantha Mumba,22
The Doors,22
ABC,21
Band of Skulls,21
Blind Melon,21
Captain,21
Delays,21
Drake,21
Erasure,21
Katrina and the Waves,21
Level 42,21
Matthew Wilder,21
Nova Twins,21
Richard Ashcroft,21
Spin Doctors,21
Stevie Nicks,21
Supertramp,21
The Bangles,21
The Brussels Philharmonic - The Orchestra Of Flanders,21
The Shins,21
The Sundays,21
Airbourne,20
Bo Burnham,20
David Guetta,20
Deee-Lite,20
fun.,20
Hot Chip,20
Jamie Cullum,20
Joe Jackson,20
Olivia Rodrigo,20
Papa Roach,20
Randy Newman,20
Soft Cell,20
Sophie Ellis-Bextor,20
The Lemonheads,20
The Police,20
Will Smith,20
Adam Ant,19
Alexandre Desplat,19
Bo Bruce,19
Bush,19
Busted,19
Crazy Town,19
Darwin Deez,19
Dusty Springfield,19
Eliza Doolittle,19
Europe,19
Lynyrd Skynyrd,19
Moby,19
Moloko,19
Morning Runner,19
Nelly Furtado,19
Ray Parker Jr.,19
Salt-N-Pepa,19
Slayer,19
Steve Harley & Cockney Rebel,19
Tasmin Archer,19
The Farm,19
The Lumineers,19
The Pointer Sisters,19
The xx,19
Vance Joy,19
Backstreet Boys,18
Billy Ocean,18
Corinne Bailey Rae,18
Eric Clapton,18
Everything But the Girl,18
Free,18
Gavin DeGraw,18
Gwen Stefani,18
Howard Jones,18
Inhaler,18
Lou Reed,18
Marc Cohn,18
Ms. Lauryn Hill,18
OutKast,18
Puddle of Mudd,18
Republica,18
Rihanna,18
Run-D.M.C.,18
Sam Fender,18
Scorpions,18
Shout Out Louds,18
Survivor,18
Sweet,18
The Boo Radleys,18
The Postal Service,18
The Soup Dragons,18
Vanessa Carlton,18
Yellowcard,18
Bananarama,17
Black Eyed Peas,17
Blue Swede,17
Chumbawamba,17
Damien Rice,17
Deacon Blue,17
Des'ree,17
Don Henley,17
Foster the People,17
Gerry & The Pacemakers,17
Hanson,17
Hard-Fi,17
Heaven 17,17
Joan Osborne,17
Julie Andrews,17
Massive Attack,17
New Radicals,17
Rob Thomas,17
Soul Asylum,17
The Barden Bellas,17
The Fray,17
The Runaways,17
The Used,17
Tom Petty,17
Yazoo,17
30 Seconds to Mars,16
4 Non Blondes,16
Amy Studt,16
Anastacia,16
Aztec Camera,16
Beady Eye,16
Belly,16
Bing Crosby,16
Black Lace,16
Buzzcocks,16
Circa Waves,16
Cyndi Lauper,16
Death Cab for Cutie,16
First Aid Kit,16
Freddie Mercury,16
Go West,16
Jane's Addiction,16
Liam Gallagher,16
Måns Zelmerlöw,16
Marilyn Manson,16
Mental As Anything,16
Modest Mouse,16
Nat King Cole,16
Nine Inch Nails,16
Panic! at the Disco,16
Redbone,16
Sex Bob-Omb,16
Simple Plan,16
Slade,16
Squeeze,16
Stiff Little Fingers,16
Stone Sour,16
Sugarland,16
TLC,16
10cc,15
Alisha's Attic,15
Ben Folds Five,15
Carly Simon,15
Cornershop,15
Dario G,15
Goldfrapp,15
Grant Nicholas,15
Hell Is For Heroes,15
Iggy Pop,15
Inspiral Carpets,15
Kraftwerk,15
Lou Bega,15
M,15
Morrissey,15
Mumm-Ra,15
Nelly,15
Owl City,15
Self Esteem,15
Steve Miller Band,15
Suzanne Vega,15
Teenage Fanclub,15
The Allman Brothers Band,15
The Music,15
The Presidents of the United States of America,15
Tool,15
Traveling Wilburys,15
Blue Öyster Cult,14
Caesars,14
Carly Rae Jepsen,14
Clean Bandit,14
Delphic,14
Fragma,14
George Harrison,14
Jeff Buckley,14
Jem,14
Joan Armatrading,14
John Legend,14
Kim Wilde,14
Lindisfarne,14
Lionel Richie,14
Nena,14
Rainbow,14
Shaggy,14
The Cult,14
Thompson Twins,14
Vitamin String Quartet,14
Wet Wet Wet,14
Whitney Houston,14
All Saints,13
Blake Shelton,13
Cheap Trick,13
Chris Cornell,13
Chuck Berry,13
Corona,13
Crash Test Dummies,13
D:Ream,13
Danny Elfman,13
Daughtry,13
Dave Brubeck,13
Derek and the Dominos,13
Elvin Bishop,13
Garfunkel and Oates,13
Happy Mondays,13
Kansas,13
Lewis Capaldi,13
Lucie Silvas,13
Mary J. Blige,13
Matt Monro,13
Mercury Rev,13
Michael Sembello,13
N.W.A,13
Phantom Planet,13
Public Service Broadcasting,13
Reverend and the Makers,13
Rick Astley,13
Roy Orbison,13
Sex Pistols,13
Shannon Noll,13
Steel Panther,13
t.A.T.u.,13
The Band,13
The Buggles,13
The Jackson 5,13
The Magic Numbers,13
The Neighbourhood,13
The Romantics,13
The Turtles,13
The Velvet Underground,13
The Wonder Stuff,13
Ultravox,13
2Pac,12
Adam Levine,12
Andy Williams,12
Art Brut,12
"Baddiel, Skinner & The Lightning Seeds",12
Bishop Allen,12
British Sea Power,12
Bromheads Jacket,12
Cage the Elephant,12
Chesney Hawkes,12
Culture Club,12
D12,12
Dan Le Sac vs Scroobius Pip,12
Duffy,12
Finch,12
Genesis,12
Hot Chocolate,12
Jona Lewie,12
Kelis,12
Kenny Rogers & Dolly Parton,12
La La Land Cast,12
Lady Antebellum,12
Ludovic Bource,12
Mahna Mahna and The Two Snowths,12
Mandy Moore,12
Noisettes,12
Orson,12
Peter Gabriel,12
Roachford,12
Robert Miles,12
Roddy Woomble,12
Ronan Keating,12
Röyksopp,12
Shakin' Stevens,12
Siouxsie and the Banshees,12
Stephen Lynch,12
The Black Crowes,12
The Mighty Mighty Bosstones,12
The Ordinary Boys,12
The Rifles,12
Violent Femmes,12
Young Knives,12
A*Teens,11
Alan Silvestri,11
Aliotta Haynes Jeremiah,11
All the Young,11
Alphabeat,11
Bran Van 3000,11
Carpenters,11
Carter the Unstoppable Sex Machine,11
Chase & Status,11
Chic,11
Chris de Burgh,11
Dead or Alive,11
Deep Purple,11
Donna Summer,11
Echobelly,11
EMF,11
Emma Stone,11
Fun Lovin' Criminals,11
Gabriella Cilmi,11
Haddaway,11
Jason Segel,11
Jay-Z and Linkin Park,11
John Denver,11
KC and The Sunshine Band,11
Kristen Bell,11
L7,11
Larkin Poe,11
LCD Soundsystem,11
Looking Glass,11
Loreen,11
Mud,11
Neil Young,11
Prefab Sprout,11
Red Light Company,11
Robin Sparkles,11
Staind,11
Super Furry Animals,11
Terrorvision,11
The Cars,11
The Raconteurs,11
The Raspberries,11
The Streets,11
Tiffany,11
Tom Petty and The Heartbreakers,11
Trent Reznor and Atticus Ross,11
Ugly Kid Joe,11
+44,10
Aqualung,10
Black Box,10
Carl Barât,10
Chad Kroeger,10
Chicago,10
Chicane,10
Darude,10
Destiny's Child,10
Dirty Pretty Things,10
Divinyls,10
Extreme,10
Gary Moore,10
Irene Cara,10
Jack Johnson,10
James Morrison,10
Jason Derülo,10
John Lennon,10
Kajagoogoo,10
Kele Le Roc,10
London Philharmonic Orchestra & David Parry,10
Lucy Rose,10
Magazine,10
Murray Gold,10
Philip Oakey & Giorgio Moroder,10
Quiet Riot,10
Rednex,10
Rod Stewart,10
Sade,10
Shatter Effect,10
Snap!,10
Sting,10
Talk Talk,10
The Avalanches,10
The Bluebells,10
The Drums,10
The Four Tops,10
The J. Geils Band,10
The Mock Turtles,10
The O'Jays,10
The Stranglers,10
Ultra Naté,10
Uncle Kracker,10
Walk the Moon,10
*NSYNC,9
311,9
911,9
AFI,9
America,9
ATB,9
B.o.B,9
Beverley Knight,9
Björk,9
Blackbeard's Tea Party,9
Brandon Flowers,9
Bronski Beat,9
Chris Rea,9
Christina Perri,9
CKY,9
Cream,9
Crystal Castles,9
Dario Marianelli,9
Diana Ross,9
Dream Theater,9
East 17,9
Five for Fighting,9
Funeral for a Friend,9
Gene Kelly,9
Glenn Miller,9
Gnarls Barkley,9
Hans Zimmer & James Newton Howard,9
Harry Nilsson,9
Hockey,9
Honeyz,9
Howard Shore,9
Ian Brown,9
Idina Menzel,9
Jack Garratt,9
James Bay,9
Jennifer Lopez,9
Jermaine Stewart,9
John Mayer,9
Justin Hurwitz & Tim Simonec,9
Livin' Joy,9
Mad Caddies,9
MAGIC!,9
Mansun,9
Meredith Brooks,9
Monkey Swallows the Universe,9
Mötley Crüe,9
Nothing But Thieves,9
Paul McCartney,9
REO Speedwagon,9
Richard Marx,9
Roxy Music,9
Sleeper,9
Steriogram,9
Steve Kazee,9
T-Spoon,9
The Animals,9
The Byrds,9
The Connells,9
The Dave Brubeck Quartet,9
The Five Stairsteps,9
The Mavericks,9
The Muppets,9
The Rembrandts,9
The Specials,9
The Spinners,9
The Waterboys,9
Tim McGraw,9
Tim Minchin,9
Toni Braxton,9
ZZ Top,9
A Flock of Seagulls,8
Alexander Rybak,8
Alice Deejay,8
Amateur Transplants,8
American Authors,8
Amy Adams,8
Andreas Johnson,8
Andrew W.K.,8
Atomic Kitten,8
Bachman-Turner Overdrive,8
Ben Folds,8
Black Rebel Motorcycle Club,8
Blancmange,8
Blu Cantrell,8
Broken Bells,8
Cutting Crew,8
Daniel Powter,8
DJ Jazzy Jeff & The Fresh Prince,8
DJ Sammy,8
DNCE,8
Ella Henderson,8
Elle King,8
Elvis Costello & The Attractions,8
En Vogue,8
Glen Campbell,8
Good Shoes,8
Graham Coxon,8
Guillemots,8
Hepburn,8
Hozier,8
Jamie T,8
JAY-Z,8
Joe Cocker,8
Justice,8
Kermit,8
Klaus Badelt,8
Ladyhawke,8
Lazlo Bane,8
Lemon Jelly,8
Los Lobos,8
Lucinda Williams,8
Martina McBride,8
Metronomy,8
Norman Greenbaum,8
Olivia Newton-John,8
One Direction,8
OPM,8
Passion Pit,8
Paul Young,8
Phats & Small,8
Phil Oakey,8
Rancid,8
Ricky Martin,8
Rise Against,8
Ross Copperman,8
Sam Cooke,8
Sister Hazel,8
Soul II Soul,8
Stealers Wheel,8
Steve Winwood,8
Tal Bachman,8
The Amazons,8
The Blues Brothers,8
The Damned,8
The Isley Brothers,8
The Knack,8
The Psychedelic Furs,8
The Swell Season,8
Transvision Vamp,8
Velvet Revolver,8
2 Unlimited,7
22-20s,7
A1,7
Alison Moyet,7
Anna Kendrick,7
Ariana Grande,7
Bad Religion,7
Black,7
Blue,7
Bobby Brown,7
Boy Kill Boy,7
Bryan Ferry,7
Carolina Liar,7
Cascada,7
Charles & Eddie,7
Christina Milian,7
Cold War Kids,7
Coolio,7
Daði Freyr,7
Electronic,7
Enya,7
Fiona Apple,7
Frankie Valli & the Four Seasons,7
Friendly Fires,7
Gary Numan,7
Ghosts,7
Gina G,7
Goldfinger,7
Gossip,7
Hüsker Dü,7
James Dean Bradfield,7
John Farnham,7
Jon Boden,7
Keith Urban,7
Kelly Rowland,7
La Roux,7
Laura Branigan,7
Lutricia McNeal,7
Mariah Carey,7
Meja,7
Mika,7
Mike Oldfield,7
Monaco,7
Neil Patrick Harris,7
Nina Simone,7
Nine Days,7
Otis Redding,7
Palma Violets,7
Plain White T's,7
Rick James,7
Rita Coolidge,7
Rita Ora,7
Sam Ryder,7
Sam Smith,7
Sia,7
Silver,7
Sinéad O'Connor,7
Sky Larkin,7
Stephen Fretwell,7
Steven Price,7
Stone Temple Pilots,7
The Datsuns,7
The Dream Academy,7
The Hoosiers,7
The Only Ones,7
The Reindeer Section,7
The Saw Doctors,7
The Strypes,7
The Ting Tings,7
The Wannadies,7
The Wildhearts,7
Thunder,7
Tin Tin Out,7
Toy-Box,7
Urban Cookie Collective,7
Usher,7
Utah Saints,7
Village People,7
Walter,7
Warrant,7
Whigfield,7
Alannah Myles,6
Alice in Chains,6
Alistair Griffin,6
Asia,6
Babybird,6
Babyshambles,6
Bay City Rollers,6
Bernard Herrmann,6
Bill Withers,6
Black Kids,6
Black Lips,6
Brian Tyler,6
Buddy Holly,6
Cansei de Ser Sexy,6
Chaka Khan,6
Chapel Club,6
Charmian Carr,6
Christophe Beck,6
Chubby Checker,6
Cliff Richard,6
Cloud Control,6
Colin Hay,6
Darlia,6
Devendra Banhart,6
Dina Carroll,6
Disturbed,6
Dixie Chicks,6
Dwayne Johnson,6
Eiffel 65,6
Elvis Costello,6
Flo Rida,6
Gala,6
Gavin James,6
George Baker Selection,6
Gerry Rafferty,6
Gomez,6
Gotye,6
Heather Small,6
Howie Day,6
InMe,6
Jason Segel/Walter,6
Joan Jett and the Blackhearts,6
John Parr,6
José González,6
Kenny Rogers,6
Kim Carnes,6
Korn,6
Kosheen,6
Laura Marling,6
Laura Williams,6
Lebo M And Vinx,6
Lena,6
Los Del Rio,6
Mark Morrison,6
Marvel,6
Marvin Gaye & Tammi Terrell,6
Megadeth,6
Meghan Trainor,6
Miles Davis,6
Mr. Scruff,6
Noel Gallagher,6
OMC,6
Peter Bjorn and John,6
Pitbull,6
Propellerheads,6
RJD2,6
Roger Miller,6
Sam & Dave,6
Seether,6
Shawn Mullins,6
Sigur Rós,6
Sir Mix-A-Lot,6
Sister Sledge,6
Social Distortion,6
Sophie B. Hawkins,6
Starrfadu,6
Steely Dan,6
Steppenwolf,6
Stereo MC's,6
Taylor Dayne,6
Tenpole Tudor,6
The Breeders,6
The Communards,6
The Crookes,6
The Go-Go's,6
The Hollies,6
The Pretty Reckless,6
The Primitives,6
The Seahorses,6
The Shamen,6
The Solids,6
The Von Bondies,6
Three Dog Night,6
Tokio Hotel,6
Tokyo Police Club,6
Tony Bennett,6
Vangelis,6
Will Ferrell,6
Yazz,6
5 Seconds of Summer,5
Ace Frehley,5
Alphaville,5
André Previn,5
Anne-Marie,5
Annie Lennox,5
Another Level,5
Apollo 440,5
Band Aid,5
Barry White,5
Bill Conti,5
Bill Haley & His Comets,5
Billie Myers,5
Bob Marley & The Wailers,5
Booker T. & the MG's,5
Boy Meets Girl,5
Brad Fiedel,5
Carl Davis,5
China Crisis,5
Collective Soul,5
Conchita Wurst,5
Creed,5
Cristin Milioti,5
Curiosity Killed the Cat,5
Dana International,5
Demi Lovato,5
Don McLean,5
Duke Dumont,5
Emilia,5
Emmelie de Forest,5
Emmy the Great,5
Empire of the Sun,5
Eve,5
Example,5
Faces,5
Feist,5
Finghin Collins,5
Focus,5
Fugees,5
Gary Glitter,5
Gin Blossoms,5
Gloria Gaynor,5
Harry Gregson-Williams,5
House of Pain,5
Hugh Jackman,5
James Brown,5
James Taylor,5
Janet Jackson,5
Jesus Jones,5
Jim Cummings,5
Joaquin Phoenix,5
John Debney,5
John Mellencamp,5
John Newman,5
Johnny Hates Jazz,5
Josh Gad,5
Josh Radnor,5
Judas Priest,5
Judy Kuhn,5
Julian Casablancas,5
Katie Melua,5
Killing Joke,5
Leo Sayer,5
Lionel Bart,5
Lit,5
Live,5
Living in a Box,5
London Philharmonic Orchestra,5
Lorne Balfe,5
Maia Wilson,5
Mandy Moore and Zachary Levi,5
Marshmello,5
Michael Bublé,5
Micheal Flanders,5
Millencolin,5
Minions,5
Mis-Teeq,5
Mott the Hoople,5
Nacio Herb Brown,5
Nancy Sinatra,5
Ozzy Osbourne,5
P.O.D.,5
Paul Heaton,5
Pete and the Pirates,5
"Peter, Paul & Mary",5
Pharrell Williams,5
PJ Harvey,5
Powderfinger,5
Rag'n'Bone Man,5
Ram Jam,5
Random Hand,5
Rick Springfield,5
Robin S,5
Roger Sanchez,5
Run–D.M.C.,5
Rupert Holmes,5
Ruslana,5
Sandi Thom,5
Sara Evans,5
Shirley Bassey,5
Sinéad Quinn,5
Sly & The Family Stone,5
T'Pau,5
The Blanks,5
The Drifters,5
The Four Seasons,5
The Lathums,5
The Polyphonic Spree,5
The Reytons,5
The Style Council,5
The Supremes,5
The Tears,5
The Temptations,5
The Vandals,5
The Weather Girls,5
Transplants,5
Underworld,5
Veruca Salt,5
Vic Reeves,5
Westlife,5
Wild Cherry,5
will.i.am,5
Wiz Khalifa,5
You Me at Six,5
Yusuf,5
Aaliyah,4
Alesso,4
Alex Clare,4
Alex Parks,4
All Time Low,4
Aloe Blacc,4
American Hi-Fi,4
Andrew Lloyd Webber,4
Anika Noni Rose,4
Ashanti,4
Augustines,4
Baha Men,4
Band of Horses,4
Berlin,4
Billy Bragg,4
Birdy,4
Boyzone,4
Bread,4
Bright Eyes,4
Bucks Fizz,4
Busta Rhymes,4
Cajun Dance Party,4
Camilla and the Chickens,4
Chris Isaak,4
Climie Fisher,4
Colbie Caillat,4
Danny Wilson,4
Dashboard Confessional,4
Death from Above 1979,4
Dio,4
Donny Osmond,4
Dropkick Murphys,4
Dum Dums,4
Electric Six,4
Elvis Presley vs. Junkie XL,4
Emma Stone and Ryan Gosling,4
Emmy the Great & Tim Wheeler,4
Enrique Iglesias,4
Eternal,4
Everclear,4
Faithless,4
Fiction Factory,4
G.R.L.,4
Gabrielle Aplin,4
Ghost,4
Girl Thing,4
Gladys Knight,4
Gladys Knight & The Pips,4
Goldie Lookin' Chain,4
Henry Mancini,4
Holly Valance,4
Howards Alias,4
Ian van Dahl,4
Ike & Tina Turner,4
Imogen Heap,4
Jack Feldman & Tom Snow,4
Jack White & Alicia Keys,4
Jackie Wilson,4
Jacqui Abbott,4
Jamelia,4
James Newton Howard,4
Jay & The Americans,4
Jeff Beck,4
Jefferson Airplane,4
Jennifer Paige,4
Jewel,4
JJ72,4
Joey Ramone,4
John Tartaglia,4
John Waite,4
Joshua Radin,4
Junior Senior,4
Keith Mansfield,4
Keith Whitley,4
Kermit & Chris Cooper,4
Labrinth,4
Lauryn Hill,4
"Lil Wayne, Wiz Khalifa & Imagine Dragons With Logic, Ty Dolla $ign & X Ambassadors",4
Little Mix,4
Lorde,4
Lordi,4
Lykke Li,4
Macklemore & Ryan Lewis,4
Martika,4
"Mary Costa, Bill Shirley and Chorus",4
Metro Station,4
Michelle Branch,4
Miley Cyrus,4
Morcheeba,4
Mr. Mister,4
Mylo,4
N*E*R*D,4
Nathan Evans,4
Netta,4
Nicki Minaj,4
Oingo Boingo,4
Old 97's,4
Orange Juice,4
Paper Aeroplanes,4
Paul Tiernan,4
Pentatonix,4
"Phil Harris, Scatman Crothers, Thurl Ravenscroft and Liz English",4
Philip Bailey & Phil Collins,4
Psy,4
Queen + Paul Rodgers,4
Quindon Tarver,4
Richard O'Brien,4
Right Said Fred,4
Ringo Starr,4
Robert Guillaume & Ladysmith Black Mambazo,4
Roy Wood,4
Saint Etienne,4
Saint Motel,4
Sananda Maitreya,4
Score,4
Sean Paul,4
Shakespear's Sister,4
Sheena Easton,4
Showaddywaddy,4
Skid Row,4
Spoon,4
Sugar Ray and the Bluetones,4
Sutherland Brothers & Quiver,4
Sylver Tongue,4
The Alan Parsons Project,4
The Androids,4
The Ataris,4
The Beat,4
The Crystals,4
The Decemberists,4
The Dubliners,4
The Electric Soft Parade,4
The KLF,4
The Leisure Society,4
The Muppets & Joanna Newsom,4
The Osmonds,4
The Saturdays,4
The Skids,4
The The,4
The Vapors,4
The Weeknd,4
The Wurzels,4
The Xcerts,4
Thomas Dolby,4
Tiësto,4
Tiny Dancers,4
Touch and Go,4
Trevor Jones,4
twenty one pilots,4
Ultrabeat,4
Vanessa Amorosi,4
Wilson Phillips,4
Wilson Pickett,4
X,4
X Ambassadors,4
Yann Tiersen,4
Years & Years,4
YUNGBLUD,4
Zooey Deschanel,4
"""Weird Al"" Yankovic",3
"10,000 Maniacs",3
3OH!3,3
4*TOWN (From Disney and Pixar’s Turning Red),3
A Perfect Circle,3
Adrian Johnston,3
Against Me!,3
Al Green,3
Alexandra Burke,3
Amerie,3
Amy Grant,3
Ann Lee,3
Army Navy,3
At the Drive-In,3
Baby D,3
Badfinger,3
BBC Radio 5 Live,3
Bell X1,3
Belle and Sebastian,3
Ben Coleman,3
Ben E. King,3
Bette Midler,3
Big Mountain,3
Billy Mack,3
Billy Preston,3
Blazin' Squad,3
Bobby Darin,3
Boyz II Men,3
Brakes,3
Brandy,3
Brenda Lee,3
Brødrene Olsen,3
Bros,3
Brotherhood of Man,3
Butthole Surfers,3
C+C Music Factory,3
Cameo,3
Candi Staton,3
Capdown,3
Cappella,3
Carl Douglas,3
Carmen Twillie,3
Ce Ce Peniston,3
Chaka Demus & Pliers,3
Charli XCX,3
Cinderella,3
Cleopatra,3
Cobie Smulders,3
Craig David,3
Culture Beat,3
Danzig,3
Darius,3
Daughter,3
Dave Matthews Band,3
David Arnold,3
David Baddiel,3
David Cassidy,3
David Essex,3
Dead Posey,3
Deftones,3
Dick Dale & His Del-Tones,3
Dinosaur Jr.,3
Divine Inspiration,3
DMA's,3
DragonForce,3
Dreadzone,3
"Earth, Wind & Fire",3
Eartha Kitt,3
Echo & the Bunnymen,3
Eddie Cochran,3
Édith Piaf,3
Elaine Paige,3
Emily Blunt,3
Emma Bunton,3
Enigma,3
Enter Shikari,3
Eric Carmen,3
Ester Dean,3
Falco,3
Finger Eleven,3
Flanders and Swann,3
Flobots,3
Frank Kelly,3
Frightened Rabbit,3
Galantis,3
Geri Halliwell,3
Gilbert O'Sullivan,3
Glen Hansard,3
Grand Funk Railroad,3
Grandaddy,3
Greg Lake,3
Gym Class Heroes,3
Helen Reddy,3
Helena Paparizou,3
Herbie Hancock,3
Herman's Hermits,3
Hope of the States,3
Iggy Azalea,3
Inna,3
Irwin Kostal,3
Jack Peńate,3
Jackson Browne,3
Jamala,3
Jamie Lawson,3
Jason Donovan,3
Jason Segel & Walter,3
"Jason Segel, Amy Adams and Walter",3
Jemaine Clement,3
"Jeremy Irons With Whoopi Goldberg, Cheech Marin And Jim Cummings",3
Jessica Simpson,3
Jethro Tull,3
Jilted John,3
Jim Croce,3
John Barry & His Orchestra,3
John Barry Orchestra,3
John Travolta,3
Johnny Mathis,3
Jon Secada,3
Joni Mitchell,3
Judy Garland,3
Juice Newton,3
Julia Fordham,3
K'naan,3
Kanye West,3
Kendrick Lamar,3
Kid Rock,3
King Harvest,3
Kris Kross,3
Kristen Bell & Idina Menzel,3
Labelle,3
Lawson,3
Lebo M,3
Leona Lewis,3
Let Loose,3
Liberty X,3
"Lipps, Inc.",3
Lis Sørensen,3
Lloyd Cole and The Commotions,3
Lolly,3
Lost Frequencies,3
Lucy Spraggan,3
Ludacris,3
Luther Vandross,3
Macy Gray,3
Maria McKee,3
Marshall Eriksen,3
Martha Reeves & The Vandellas,3
Martin Solveig,3
MC Hammer,3
Mel & Kim,3
Mike Posner,3
Million Dead,3
Modern English,3
Mr. Big,3
Mungo Jerry,3
Ned's Atomic Dustbin,3
New York Dolls,3
New Young Pony Club,3
Nick Cave & the Bad Seeds,3
Nick Laird-Clowes,3
Nick Mulvey,3
Nicole Scherzinger,3
Nils Frahm,3
Nine Black Alps,3
Nino Rota,3
Nizlopi,3
No Mercy,3
Nu Generation,3
O-Zone,3
Ol' Dirty Bastard,3
Old Crow Medicine Show,3
Original Cast Of Cats,3
Pantera,3
Parliament,3
Patrick Doyle,3
Paul Buchanan,3
Paul Hardcastle,3
Paul Williams,3
Peggy Lee,3
Peggy Wood,3
Penguin Cafe Orchestra,3
Pennywise,3
Phil Harris and Bruce Reitherman,3
Philip Bailey,3
Pilot,3
Pixie Lott,3
Prince & The Revolution,3
Prodigy,3
Rachel Jones,3
Rachel Platten,3
Rammstein,3
Ratt,3
Ray Charles,3
Ray LaMontagne,3
Reese Witherspoon,3
Reignwolf,3
Robert Plant,3
Roberta Flack,3
Robin Thicke,3
Rodgers & Hammerstein,3
Rose Royce,3
Ryan Gosling,3
Sak Noel,3
Salvador Sobral,3
Sam Sparro,3
Samuel E. Wright,3
Scatman John,3
Screen Junkies: Movie Fights,3
Sharleen Spiteri,3
Sheppard,3
Shola Ama,3
Sigma,3
Silverchair,3
Small Faces,3
Snoop Dogg,3
Sparks,3
Spiller,3
Sports Team,3
Stardust,3
Steve Earle,3
Suzi Quatro,3
Taio Cruz,3
Tame Impala,3
Technotronic,3
The Bees,3
The Cat Empire,3
The Chainsmokers,3
The Chicks,3
The City of Prague Philharmonic Orchestra,3
The Commitments,3
The Dubliners and The Pogues,3
The Everly Brothers,3
The Everly Pregnant Brothers,3
The Fall,3
The Frames,3
The Guess Who,3
The Jolly Rogers,3
The Jon Spencer Blues Explosion,3
The Lancashire Hotpots,3
The Lovin' Spoonful,3
The Nat King Cole Trio,3
The New Seekers,3
The Nolans,3
The Royal Philharmonic Orchestra,3
The Ruts,3
The Salvation Army,3
The Sneepers feat. David Hasselhoff,3
The Tamperer,3
The Teardrop Explodes,3
The Trammps,3
The Treblemakers,3
The Wedding Present,3
The Yardbirds,3
Tim Wheeler,3
Tom Lehrer,3
Traffic,3
Vic Reeves & The Wonder Stuff,3
Wang Chung,3
Was (Not Was),3
Wayne Sleep,3
Wizzard,3
XTC,3
Yello,3
Young Guns,3
Your Vegas,3
Youssou N'Dour,3
3 Colours Red,2
5 live Sport Specials Podcast,2
A Day to Remember,2
A Great Big World,2
Adriana Caselotti,2
Ainslie Henderson,2
Alesha Dixon,2
Alex Party,2
Alex Turner,2
Alexis Korner's Blues Incorporated,2
Alexisonfire,2
All-4-One,2
Allister,2
Alter Bridge,2
Alvin Stardust,2
Anberlin,2
Andrea Corr,2
Andrew Bird,2
Andy Abraham,2
Anna Nalick,2
Anne Hathaway,2
Armand van Helden,2
Armin van Buuren,2
Artful Dodger and Romina Johnson,2
Arthur Freed & Nacio Herb Br..,2
Ashlee Simpson,2
Aswad,2
Augustana,2
Aurora,2
Average White Band,2
AWOLNATION,2
Axwell feat. Max'C,2
Azealia Banks,2
Baauer,2
Babylon Zoo,2
Bad Suns,2
Barry Blue,2
Basshunter feat. DJ Mental Theo's Bazzheadz,2
BBMak,2
Beats International,2
Becky Hill,2
Bedouin Soundclash,2
Beenie Man,2
Benny Benassi,2
Big Audio Dynamite,2
Big Country,2
Big Walter Horton,2
Bill Bailey,2
Bill Lee,2
Bill Nighy,2
Billie Joe Armstrong,2
Billie Piper,2
Billy Crystal & John Goodman,2
Billy Ray Cyrus,2
Bitty McLean,2
Black Grape,2
Black Stone Cherry,2
Blue October,2
Blues Traveler,2
Bob Seger,2
Bob the Builder,2
Bobby Helms,2
BodyRockers,2
Bon Iver,2
Bonnie Raitt,2
Boys Like Girls,2
Brian McFadden,2
Brian McFadden & Delta Goodrem,2
Brian Wilson,2
Bullet for My Valentine,2
Cam'ron,2
Capital Cities,2
Captain Sensible,2
Carla Bruni,2
Carmen Twillie with Lebo M,2
Carter Burwell,2
Cartoons,2
CeeLo Green,2
Céline Dion,2
Cessyl Orchestra,2
Charlotte Perrelli,2
Chicory Tip,2
Chris Brown,2
Chris Norman,2
City High,2
City of Prague Philharmonic,2
Claude-Michel Schönberg,2
Coheed and Cambria,2
Coila Ceilidh Band,2
Corey Hart,2
Crash Kings,2
Dan Hartman,2
Dan Redfeld,2
Daniel Merriweather,2
Daniel Pemberton,2
Dannii Minogue,2
Darlene Love,2
David Abeles,2
David Guetta feat. Emeli Sandé,2
Dawn,2
DB Boulevard,2
DeBarge,2
Deetah,2
Deniece Williams,2
Detroit Emeralds,2
Dick Dale & The Del-Tones,2
"Dick Van Dyke, Julie Andrews, Karen Dotrice And Matthew Garber",2
Disclosure,2
Disney Studio Chorus,2
DJ Quicksilver,2
DMX,2
Donald O'Connor,2
Donna Lewis,2
Doris Day,2
Down Trodden String Band,2
Dr. Dre,2
Dr. Hook,2
Duke Ellington & Juan Tizol,2
Eamon,2
Eddie Izzard,2
Elizabeth A. Davis,2
"Emerson, Lake & Palmer",2
Erik Satie,2
Evadne Baker,2
Everything Everything,2
Fastball,2
Fatman Scoop,2
Feargal Sharkey,2
Fleur East,2
Foghat,2
"Fozzie, Walter, Kermit & Dr. Teeth",2
Frankie & The Heartstrings,2
Frankie Valli,2
Frédéric Chopin,2
Friday Hill,2
Fuel,2
Gene,2
Gene Autry,2
George Thorogood & The Destroyers,2
Glen Hansard & Markéta Irglová,2
Gloria Estefan,2
Gnash Ft Olivia O'Brien,2
Godsmack,2
Golden Earring,2
Gonzo,2
"Gonzo, Fozzie, Swedish Chef, Kermit & Dr. Teeth And The Electric Mayhem",2
Gordon Lightfoot,2
Grimes,2
Guess Who,2
Gwen Guthrie,2
Half Moon Run,2
Hear'Say,2
Heitor Pereira,2
Herbert Von Karajan/Vienna Philharmonic,2
Holly Johnson,2
Honeybus,2
Hue and Cry,2
Hushpuppies,2
I Am Kloot,2
I Blame Coco,2
Ian Dury,2
Ice Cube,2
Icona Pop,2
IDLES,2
Ilan Eshkeri,2
Ini Kamoze,2
Inner City,2
J-Kwon,2
J.D. and Turk,2
Ja Rule,2
Jack Reynor,2
Jack White,2
James Baskett,2
James Vincent McMorrow,2
Jan Hammer,2
Jeff Wayne,2
Jennifer Love Hewitt,2
Jimmy Nail,2
Jimmy Somerville,2
JLS,2
Joey Lawrence,2
"John Debney, Alan Silvestri, Royal Scottish National Orchestra",2
John Goodman,2
John Ottman,2
John Powell,2
John Travolta & Olivia Newton-John,2
JoJo,2
Jonathan Groff,2
Joseph Williams,2
"Joseph Williams and Sally Dworsky with Nathan Lane, Ernie Sabella and Kristle Edwards",2
Josh Record,2
Joshua Kadison,2
Julian Lennon,2
Jurassic 5,2
Justin Bieber,2
k.d. lang,2
Kaleo,2
Karise Eden,2
Kate Winslet,2
Kele,2
Kelly Osbourne,2
Kenickie,2
Kevin Bacon,2
Khalid,2
Kid Creole & The Coconuts,2
Kiesza,2
Kim Wilde and Charlotte Hatherley,2
Kirsty MacColl,2
Kristin Chenoweth,2
Las Ketchup,2
Lasgo,2
Lemar,2
Lena Fiagbe,2
Leroy,2
Letters to Cleo,2
Limahl,2
Lindsay Lohan,2
Lisa Gerrard,2
Little Boots,2
Little Comets,2
Little Dragon,2
Little Eva,2
Living Colour,2
LMFAO,2
London Grammar,2
London Symphony Orchestra,2
Lonestar,2
Los Del Río,2
Lush,2
M83,2
Madina Lake,2
Malcolm McLaren,2
Mantronix,2
Marcy Playground,2
Maria Vidal,2
Marija Šerifović,2
Mario,2
Mark Mothersbaugh,2
Mark Owen,2
Marmaduke Duke,2
Marmalade,2
Marshmello & Anne-Marie,2
Maurice Jarre,2
Max Steiner,2
Maxx,2
MC5,2
McAlmont & Butler,2
Melissa Etheridge,2
Men Without Hats,2
Menswear,2
Miami Sound Machine,2
Michael Bolton,2
Mickey Rooney,2
"Mickey Rooney, Feist, Amy Adams, Jason Segel & Walter",2
Milky Chance,2
Mint Royale,2
Missy Elliott,2
Modern Romance,2
Mother Goose Club,2
Mountain,2
Mousse T. Vs Hot 'n' Juicy,2
Mr. Oizo,2
Mr. Probz,2
Mudvayne,2
My Vitriol,2
Mýa,2
N-Trance,2
Natalie Cole,2
Nathan Lane,2
Nathan Pacheco & Chris Cooper,2
Naughty Boy,2
Naughty By Nature,2
Nazareth,2
Ne-Yo,2
Neil Diamond,2
New Kids on the Block,2
New Politics,2
Nicholas Hooper,2
Nick Drake,2
Nick Jonas,2
Night Ranger,2
Nil Lara,2
Nim Vind,2
No Devotion,2
Oliver Heldens,2
Oliver! - 1994 London Palladium Cast,2
Orbital,2
Owen Paul,2
Oxide and Neutrino,2
Paul Anka,2
Paul Carrack,2
Perry Como,2
Peter Frampton,2
Petula Clark,2
PJ & Duncan,2
Portugal. The Man,2
Pras,2
Precious,2
Primus,2
Professor Green,2
Renegades,2
Rest Assured,2
Rixton,2
Rizzle Kicks,2
Rob Zombie,2
Robson & Jerome,2
Robyn,2
Roger Daltrey,2
Róisín Murphy,2
Romeo Void,2
Rudimental feat. Ella Eyre,2
Rufus,2
Rufus Wainwright,2
Rupert Gregson-Williams,2
Rusted Root,2
Ryan Adams,2
S'Express,2
Sacha Baron Cohen,2
Sandie Shaw,2
Scarlet,2
Scooch,2
Scooter,2
Screaming Trees,2
Screen Junkies Movie Fights,2
Selena Gomez,2
September,2
Shalamar,2
Shanks & Bigfoot,2
Shawn Mendes,2
She & Him,2
Sir Edward Elgar,2
Sisqó,2
Sky Ferreira,2
Slow Club,2
Smokey Robinson and The Miracles,2
Soil,2
Sonique,2
Sonya Belousova,2
Spacehog,2
Spiderbait,2
Stacy Lattisaw,2
Stan Ridgway,2
Stefano Guzzetti,2
Stephanie D'Abruzzo,2
Steve Harley,2
Stooshe,2
Storm,2
Story of the Year,2
Stray Cats,2
Sugar,2
Swedish House Mafia,2
Sweet Female Attitude,2
Taking Back Sunday,2
Teamheadkick,2
Ted Nugent,2
Television,2
Temples,2
Terry Jacks,2
The 5.6.7.8's,2
The 88,2
The BBC Symphony Orchestra,2
The Beloved,2
The Beta Band,2
The Blow Monkeys,2
The Boy Least Likely To,2
The Cast of Frozen,2
The Chi-Lites,2
The Christians,2
The Cooper Temple Clause,2
The Doobie Brothers,2
The Edgar Winter Group,2
The Foreskins,2
The Foundations,2
The Go! Team,2
The History of Apple Pie,2
The Jacksons,2
The Joy Formidable,2
The Kills,2
The Longest Johns,2
The Moopets,2
"The Muppets, Amy Adams, Andrew Walter, Jason Segel & Chris Cooper",2
The Original,2
The Outfield,2
The Paddingtons,2
The Pipettes,2
The Real Thing,2
The Red Jumpsuit Apparatus,2
The Righteous Brothers,2
The Rubettes,2
The Sneepers,2
The Source,2
The Stylistics,2
The Submarines,2
The Sunshine Underground,2
The Treblemakers Feat. My Name Is Kay,2
The Troggs,2
The Veronicas,2
The Wailers,2
The Walkmen,2
The Wanted,2
Therapy?,2
Three Days Grace,2
Tilly and the Wall,2
Tin Tin Out Feat. Shelley Nelson,2
Tina Cousins,2
Tinie Tempah,2
Todd Rundgren,2
Tom Cochrane,2
Toni Basil,2
Tonic,2
Tony Christie,2
Tony Di Bart,2
Tq,2
Tracey Ullman,2
Trisha Yearwood,2
Triumph,2
Twista,2
Twisted Wheel,2
Ukulele Jim,2
UNKLE,2
Unwritten Law,2
Vanilla Ice,2
Viola Beach,2
Visage,2
Volbeat,2
Walter & Kermit,2
Warren G,2
Waterparks,2
White Town,2
Willie Nelson,2
Wink,2
Zedd,2
Zoë,2
Zombie Nation,2
-M-,1
2 In A Room,1
2Play feat. Raghav & Jucxi,1
2Play feat. Raghav & Naila Boss,1
442,1
50 Cent,1
7 Year Bitch,1
808 State,1
98º,1
A+,1
Aaron Carter,1
Aaron Soul,1
Adam Clayton & Larry Mullen,1
Adam Faith,1
Adam Garcia,1
Adam Kay,1
Adam Lambert,1
Adamski,1
Adequate Seven,1
Adeva,1
After Midnight Project,1
Adam Kay,1
Adam Lambert,1
Adamski,1
Adequate Seven,1
Adeva,1
After Midnight Project,1
Agnes Obel,1
Air,1
Air Supply,1
Akon,1
Al Martino,1
Alabama Shakes,1
"Alan Menken, Howard Ashman, Tim Rice",1
Albert Hammond,1
"Albert Hammond, Jr.",1
Alda,1
Alexander Briger,1
Alexander O'Neal,1
Alexandra Stan,1
Alexandra Streliski,1
Alexi Murdoch,1
Ali G,1
Alison Krauss,1
Alison Limerick,1
Alizée,1
Alok,1
alrt,1
AlunaGeorge,1
Amazulu,1
Amber Run,1
Amelia Lily,1
Amos Lee,1
Anders Koppel,1
Andrew Davis,1
Andy Kim,1
Andy Taylor,1
Aneka,1
Angel,1
Angel City,1
Angela Lansbury,1
Angelic,1
Angels & Airwaves,1
Annalee,1
Anne Murray,1
ANT,1
Ant & Dec,1
Anthrax,1
Anti-Flag,1
Antonio Pinto,1
Apache Indian,1
Aphex Twin,1
Apocalyptica,1
Arcane Roots,1
Argent,1
Arlo Guthrie,1
Armors,1
Arrested Development,1
Art Garfunkel,1
Art of Noise,1
Artful Dodger & Romina Johnson,1
Asaf Avidan,1
Ashford & Simpson,1
Ashley Hamilton,1
Ashley Monroe,1
Atlas Genius,1
Audio Bullys,1
Auli'i Cravalho,1
Avicii vs. Nicky Romero,1
Azzido Da Bass,1
B.O.B & Hayley Williams,1
B.o.B feat. Bruno Mars,1
B.o.B feat. Hayley Williams,1
Babyface,1
Backyard Babies,1
Baltimora,1
Bamboo,1
Band Aid 20,1
Banx & Ranx,1
Barbra Streisand,1
Barry Manilow,1
Basshunter,1
Bazzi,1
BBE,1
Bear's Den,1
Beatfreakz,1
Beatsteaks,1
Beautiful Bodies,1
Béla Bartók,1
Ben Haenow,1
Ben Haenow feat. Kelly Clarkson,1
Benjamin Francis Leftwich,1
Benny Benassi Presents The Biz,1
Benny Hill,1
Bernard Butler,1
Bert Jansch,1
Bertolf,1
Beth Fowler,1
Betty Boo,1
Betty Everett,1
Big Bird,1
Big Brovaz,1
Big Fun,1
Bikini Kill,1
Bill Haley,1
Bill Medley,1
Billie,1
Billie Holiday,1
Billy & The Beaters,1
Bingo Players,1
Bizarre Inc. feat. Angie Brown,1
Black Dyke Band,1
Black Legend,1
Black Paisley,1
Blackstreet,1
Blaenavon,1
Blind Faith,1
Blonde,1
Blue Pearl,1
Blues Image,1
Bob & Earl,1
Bob & Marcia,1
Bob Acri,1
Bobby Vee,1
Bobby Womack,1
Bodyrox feat. Luciana,1
Bombalurina,1
Boris Gardiner,1
Boston Manor,1
Brainbug,1
Brand New,1
Brenda Holloway,1
Brewer & Shipley,1
Brian Eno,1
Brian H. Kim,1
Brian May,1
Brian McKnight,1
Bridgit Mendler,1
Brooke Fraser,1
Brother Beyond,1
Brownstone,1
Bruce Hornsby & the Range,1
Bruce Reitherman,1
Bruce Springsteen & The E Street Band,1
Brussels Philharmonic,1
Buddy Holly & The Crickets,1
Buffalo Springfield,1
Bullets and Octane,1
Burkhard Dallwitz,1
Burl Ives,1
C.W. McCall,1
Calum Scott,1
Calvin Harris with Alesso Feat. Hurts,1
Camel,1
Camera Obscura,1
Camila Cabello,1
Camilo Azuquita,1
Camouflage,1
Candlebox,1
Canned Heat,1
Captain & Tennille,1
Carl Orff,1
Carleen Anderson,1
Carole King,1
Cassius,1
Cast of Eurovision Song Contest: The Story of Fire Saga,1
Cat Burns,1
Cat Power,1
Catch 22,1
Chamillionaire,1
Charlene,1
Charlene Soraia,1
Charles Bolt,1
Charles Strouse,1
Charlie Puth,1
Charlie Rich,1
Charlotte Church,1
Charlotte Nilsson,1
Charon,1
Chas 'n' Dave,1
Chase & Status feat. Louis M^ttrs,1
Chase & Status feat. Moko,1
Cheat Codes x Kris Kross Amsterdam,1
Cher Lloyd,1
Cherry Ghost,1
Cheryl,1
Childish Gambino,1
Chris Bell,1
Chris Botti,1
Chris Cooper,1
Chrissie Hynde,1
Christine and the Queens,1
Christopher Cross,1
Ciara,1
Cilla Black,1
Cliff Richard & The Shadows,1
Clock,1
Coasts,1
Cock Robin,1
Cockney Rebel,1
Coldcut Feat. Yazz,1
Collapsed Lung,1
Commodores,1
ConfidentialMX feat. Becky Hanson,1
Conway Brothers,1
Corey Taylor,1
Courtney Jenaé,1
Cover Drive,1
Craig Armstrong,1
"Crosby, Stills & Nash",1
Cry Monster Cry,1
Cuban Boys,1
Curtis Mayfield,1
Curtis Stigers,1
Cute Is What We Aim For,1
Cypress Hill,1
Cyrille Verdeaux,1
D-Side,1
Daddy Yankee,1
Damage,1
Damian Marley,1
Dan Croll,1
Dan Fogelberg,1
Dan Le Sac,1
Danko Jones,1
Danny Norbury,1
Daphne & Celeste,1
Dappy,1
Daryl Hall,1
Das Sound Machine,1
Dave Edmunds,1
David Bowie & Trevor Jones,1
David Gilmour,1
David Guetta feat. Zara Larsson,1
David Lindup,1
David McCallum,1
David Sylvian,1
David Zowie,1
Dawn Penn,1
Dead Kennedys,1
deadmau5,1
deadmau5 & Kaskade,1
Deepfield,1
Default,1
Denim,1
Denise Johnson,1
Deorro X Chris Brown,1
Devlin feat. Yasmin,1
Devo,1
Diana Vickers,1
Dick Dale,1
Diddy,1
Die Toten Hosen,1
Diego de Galdeano,1
Digitalism,1
Dirk Maassen,1
Dirty Vegas,1
Disturbing Tha Peace,1
DJ Casper,1
DJ Fresh,1
DJ Fresh feat. Ella Eyre,1
DJ Sakin & Friends,1
DJ Snake,1
Django Django,1
"Does It Offend You, Yeah?",1
Doja Cat,1
Don Black,1
Don Davis,1
Done Again,1
Donna Murphy,1
Donny & Marie Osmond,1
Doolally,1
Doom Unit,1
Dope,1
Double Trouble and the Rebel MC,1
Dr Kucho! & Gregor Salto feat. Ane Brun,1
Dr. Alban,1
Dream Warriors,1
Drenge,1
Drowning Pool,1
Dry the River,1
Dua Lipa,1
Dubstar,1
Duke Ellington,1
Duncan James & Keedie,1
Duncan Laurence,1
Duran Duran feat. Melle Mel & Grandmaster Flash & The Furious Five,1
E-zee Possee Feat. Mc Kinky,1
E.Y.C.,1
Eagles of Death Metal,1
East Side Beat,1
Eazy-E,1
Echosmith,1
Eddie Money,1
Eddy Grant,1
Edison Lighthouse,1
Edward Bear,1
Edward Maya feat. Vika Jigulina,1
Edwyn Collins,1
Efterklang,1
Elefant,1
Elena Tsagrinou,1
Eleni Foureira,1
Elisa,1
Ell/Nikki,1
Ella Eyre,1
Elliot Minor,1
Elyar Fox,1
Emigrate,1
Emma Watson,1
Emmy The Great/tim Wheeler,1
Emmylou Harris,1
Engelbert Humperdinck,1
Enola Gay,1
EODM (Eagles Of Death Metal),1
Eric Church,1
Eric Hutchinson,1
Eric Prydz,1
Ernie Sabella,1
Ester Dean & Skylar Astin,1
Etta James,1
Eugene Ormandy,1
Euros Childs,1
Eurythmics feat. Stevie Wonder,1
Eva Cassidy,1
Evan and Jaron,1
EVE 6,1
Evelyn Thomas,1
Everlast,1
Exclamation Pony,1
Faber Drive,1
Face to Face,1
Fairground Attraction,1
Faith Evans,1
Fame,1
Fanfarlo,1
Fascinating Aïda,1
Fat Boys,1
Fat Larry's Band,1
Fat Les,1
Feel It Still,1
Fergie,1
Fields,1
Fifth Harmony,1
Fifth Harmony feat. Kid Ink,1
Fightstar,1
Filter,1
Five Finger Death Punch,1
Fleet Foxes,1
Flo Rida feat. Sage the Gemini & Lookas,1
Flo Rida feat. T-Pain,1
Florida Georgia Line,1
Flying Pickets,1
Foxes,1
Frank & Nancy Sinatra,1
Frank Carter & The Rattlesnakes,1
Frank Loesser,1
Frankee,1
Frankie Laine,1
Freakpower,1
Fred Astaire & Ginger Rogers,1
Freeez,1
Freeloaders feat. The Real Thing,1
Frida,1
Frode Fjellheim,1
G-Eazy × Bebe Rexha,1
Gabriels,1
Gareth Gates,1
Gary Barlow,1
Gary Barlow & The Commonwealth Band,1
Gary Jules,1
Generation X,1
Generationals,1
George Benson,1
George Crumb,1
George Gershwin,1
George McCrae,1
George Strait,1
George Winston,1
Geraldine,1
Ghinzu,1
Giacomo Puccini,1
Gillian Welch,1
Giorgio Moroder/Philip Oakey,1
Go:Audio,1
Gonzales,1
Gorgon City,1
Grace,1
Grace Petrie,1
Grandmaster Flash,1
grandson,1
Grateful Dead,1
Great White,1
Greg Downey,1
Gregory Oberle,1
Gretchen Wilson,1
Grinderman,1
Gruff Rhys,1
Guano Apes,1
Guided by Voices,1
Guise,1
Guru Josh,1
Gustaf Spetz,1
Gustav Holst,1
Hailee Steinfeld,1
Hale & Pace And The Stonkers,1
Halsey,1
"Hamilton, Joe Frank & Reynolds",1
Hank Jones,1
Hank Williams,1
Hari Mata Hari,1
Harold Budd,1
Harold Melvin & The Blue Notes,1
Harpo,1
Harry Belafonte,1
Harry Chapin,1
Harry Gregson-Williams and John Powell,1
Harry Groener,1
Harry Styles,1
Head Automatica,1
Heavy D & The Boyz,1
Hellogoodbye,1
Henry Jackman,1
Herb Alpert and the Tijuana Brass,1
Highly Suspect,1
Hilary Duff,1
Hinder,1
Hipsway,1
Honeydew and Beaker,1
Hoodoo Gurus,1
Hootie & The Blowfish,1
Horslips,1
Hot Butter,1
How I Met Your Mother Cast,1
Howard Keel,1
Howling Bells,1
Hubert Parry,1
Hue & Cry,1
Hues Corporation,1
Hugh Martin,1
Hugo Montenegro,1
Humble Pie,1
Hunny,1
Hurricane Smith,1
IAMX,1
Ian Dury and the Blockheads,1
Iglu & Hartly,1
iiO,1
Imaani,1
Imelda May,1
Immature,1
Incognito,1
Incredible Bongo Band,1
Indiana,1
Indigo Girls,1
Inner Circle,1
Ivana Spagna,1
Iyaz,1
J. Cole,1
Jack Savoretti,1
Jacob Arnold & the Bird Dogs,1
Jakatta,1
Jam & Spoon,1
James Blake,1
James Brown & The Famous Flames,1
Jan Stevens,1
Jane Austen,1
Janis Joplin,1
Japandroids,1
Jason Aldean,1
Jason Schwartzman,1
Jason Segel & Kermit,1
Javier Colon,1
Javier Navarrete,1
Jax Jones,1
Jay-Z Feat. Alicia Keys,1
Jay-Z feat. Rihanna & Kanye West,1
Jaz Ellington,1
Jedward,1
Jeffrey Osborne,1
Jellybean feat. Adele Bertei,1
Jellybean Feat. Steven Dante,1
Jennifer Rush,1
Jeremy Kay,1
Jerome Patrick Hoban,1
Jerry Goldsmith,1
Jerry Lee Lewis,1
Jerry Minor,1
Jessica Darrow,1
Jessica Garlick,1
"Jessie J, Ariana Grande & Nicki Minaj",1
Jesus Loves You,1
Jigsaw,1
Jim Diamond,1
Jim Morrison,1
Jimmy Buffett,1
Jimmy Fallon,1
Jimmy McGriff,1
Jinny,1
Jo Jo Gunne,1
Joby Talbot,1
Joe,1
Joe Esposito,1
Joe Stone Ft. Montell Jordan,1
Joel McNeely,1
Jóhanna Guðrún,1
John Barry,1
John Finnemore,1
John Foxx,1
John Holt,1
John Mayall & The Bluesbreakers,1
John McDermott,1
John Travolta/Olivia Newton-John,1
John Wizards,1
Johnny Gill,1
Johnny Logan,1
Johnny Nash,1
Johnny Thunders,1
Jon & Vangelis,1
"Jon Boden, Sam Sweeney & Ben Coleman",1
Jonas Blue feat. Dakota,1
Jonathan Coulton,1
Jonathan Edwards,1
Jonathan Richman And The Modern Lovers,1
Jordin Sparks,1
Josh Groban,1
Juanes,1
Julian Nott,1
June Carter,1
June Tabor,1
Jungle,1
Junior Vasquez,1
K.W.S.,1
K's Choice,1
K7,1
Kacey Musgraves,1
KALUSH,1
Karl Swensen/Ricky Sorenson,1
Karmin,1
Kashmere Stage Band,1
Kaskade,1
Ke$ha,1
Keira Knightley & Hailee Steinfeld,1
Keira Knightley and Hailee Steinfeld,1
Keith Emerson,1
Keith Jarrett,1
Kellie Pickler,1
Kelly Llorenna,1
Ken Boothe,1
Ken Dorset,1
Kenny 'Dope' presents The Bucketheads,1
Kenny Chesney,1
Kenny Thomas,1
Kent Jones,1
Kermit and Miss Piggy,1
Kevin Lyttle,1
Kevin Rudolf,1
Kid Cudi vs Crookers,1
Kim Appleby,1
King,1
Klangkarussell,1
Klaus Badelt and Hans Zimmer,1
Kofi Stone,1
KONGOS,1
Krista Siegfrids,1
Kristen Bell And Santino Fontana,1
"Kristen Bell, Agatha Lee Monn & Katie Lopez",1
Kristen Bell;Agatha LeeMonn;Katie Lopez,1
Kristen Bell;Santino Fontana,1
Kristine Blond,1
Kungs,1
KWS,1
Kygo,1
Kygo feat. Kodaline,1
Kygo feat. Parson James,1
Kym Marsh,1
L'Orchestra Cinematique,1
Lacuna Coil,1
Ladytron,1
Larrikin Love,1
Larry and His Flask,1
Late Night with Seth Meyers,1
Lauren Aquilina,1
Lauv,1
Lea Salonga,1
Lene Lovich,1
Leonard Cohen,1
Less Than Jake,1
Lightspeed Champion,1
Lil' Louis,1
Lilly Wood & The Prick,1
Lin-Manuel Miranda,1
Lindsey Buckingham,1
Lindsey Stirling,1
Liquid Child,1
Lisa Hannigan,1
Lisa Loeb,1
Lisa Scott-Lee,1
Lisa Stansfield,1
Little Trees,1
LMC,1
LMC vs. U2,1
London Music Works,1
"London Philharmonic Orchestra, London Philharmonic Choir and David Parry",1
"London Philharmonic Orchestra, London Philharmonic Choir, The London Chorus and David Parry",1
Lonely The Brave,1
Lorraine Ellison,1
Los Del Mar,1
Louis St. Louis & Cindy Bullens,1
Louise,1
Loverboy,1
Lower Than Atlantis,1
LT United,1
Ludovico Einaudi,1
Ludwig van Beethoven,1
Lukas Graham,1
Lulu,1
Lumidee,1
LunchMoney Lewis,1
M.O.P.,1
M/A/R/R/S,1
M2M,1
Madcon,1
Mai Tai,1
Major Lazer feat. MO & DJ Snake,1
Manfred Mann,1
Manic Street Preachers feat. Richard Hawley,1
Marc Almond,1
Marc Bolan,1
Marc Shaiman,1
Marcella Detroit,1
Marcus Collins,1
Maria And The Children,1
Maria Muldaur,1
Marie N,1
Marie Osmond,1
Marilyn Monroe,1
Mark Brydon,1
Mark Mancina,1
Marmozets,1
Martha and the Muffins,1
Martha and the Vandellas,1
Martha Wainwright,1
Martin Garrix,1
Martine McCutcheon,1
Marvin Hamlisch,1
Mat Kearney,1
Matchbook Romance,1
Maverick Sabre,1
Max Richter,1
Mazzy Star,1
McLean,1
Me First and the Gimme Gimmes,1
Meadowlark,1
Melanie,1
Melanie B,1
"Melanie C feat. Lisa ""Left Eye"" Lopes",1
Mest,1
Method Man,1
Metric,1
Michael Price,1
Michelle Gayle,1
Midge Ure,1
Midnight Oil,1
Midtown,1
Mike Batt & Friends,1
Mike Post,1
Mike Reno,1
Mikhael Paskalev,1
Milk Kan,1
Milli Vanilli,1
Milow,1
Miranda Lambert,1
Miss Piggy,1
Miss Piggy & Amy Adams,1
Miss Piggy & Kermit,1
MKTO,1
MN8,1
Modjo,1
Monica,1
Moony,1
Motion City Soundtrack,1
Mozzy,1
Mr Hudson feat. Kanye West,1
Mr. President,1
Mudhoney,1
Muppet Brass Buskers,1
Muse & Mike Skinner,1
Mychael Danna,1
Nas,1
Natalie La Rose,1
National Philharmonic Orchestra,1
Naughty Boy feat. Beyoncé & Arrow Benjamin,1
Naughty Boy feat. Emeli Sandé,1
Neck Deep,1
Negative,1
Neneh Cherry,1
New Model Army,1
New Sensation,1
Niamh Kavanagh,1
Nicholas Dodd,1
Nick Heyward,1
Nick Jonas feat. Tove Lo,1
Nicky Thomas,1
Nico & Vinz,1
Night Riots,1
Nile Rodgers,1
Not3s,1
Nu Shooz,1
Of Mice & Men,1
Ólafur Arnalds,1
Oleta Adams,1
Olive,1
Olly Murs feat. Demi Lovato,1
Onyx,1
Opetaia Foa'i,1
Organ,1
Orgy,1
Orlando Pops Orchestra,1
Orleans,1
Oui 3,1
our distant worlds,1
Paige O'Hara,1
Panjabi MC,1
Paper Lace,1
Parachute,1
Paradisio,1
Partners In Kryme,1
Pato Banton,1
Patrick Hernandez,1
Patti Smith,1
Patty Smyth,1
Paul Harrington,1
Paul Johnson,1
Paula Abdul,1
Paula Cole,1
Peace,1
Peaches & Herb,1
Peggy Lee & Sonny Burke,1
Pekel,1
Peking Duk,1
Penetration,1
Percy Faith & His Orchestra,1
Pete Wylie,1
Peter Broderick,1
Peter Doherty,1
Peter Green,1
Phil Harris,1
Philip Glass,1
Phillip Phillips,1
Phyllis Nelson,1
Pieter Schoeman,1
Pink,1
Plácido Domingo,1
Planet Funk,1
Plummet,1
Point Break,1
Poisonblack,1
Poliça,1
Post Malone,1
Precocious Brats Featuring Kevin & Perry,1
Prides,1
Princess Superstar,1
Public Enemy,1
Public Image Ltd.,1
Pulled Apart By Horses,1
Puressence,1
Puretone,1
PVRIS,1
Pyotr Ilyich Tchaikovsky,1
R. City feat. Adam Levine / R. City,1
R. Kelly,1
Rachel Portman,1
Rachel Stevens,1
Radar Love,1
Rae Morris,1
Ralph McTell,1
Ramin Djawadi,1
Randy Bright,1
Rare Earth,1
Ray Foxx feat. Rachel K Collier,1
Re-Flex,1
Real Lies,1
Real McCoy,1
Reamonn,1
Red Box,1
Red Dragon feat. Brian & Tony Gold,1
Red Nichols & His Five Pennies,1
Redhead Kingpin & the FBI,1
Redlight,1
Reel 2 Real,1
Reggie 'N' Bollie,1
Reuben,1
Rhye,1
Rhythms Del Mundo,1
Richard Blackwood,1
Richard Darbyshire,1
Richard M. Sherman & Robert B. Sherman,1
Richard Stoltzman,1
Richard Strauss,1
Richard Wagner,1
Rick Styles & The Soundsystem,1
Ricky Nelson,1
Ride,1
Robbie Nevil,1
Robbie Williams & Kylie Minogue,1
Robin Beck,1
Rochelle Townsend,1
Rock Your Baby,1
Rocket from the Crypt,1
Roddy Ricch,1
Roger Taylor,1
Roger Waters,1
Ron Sexsmith,1
Room 5,1
Rose Murphy,1
Rosie Gaines,1
Route 94,1
Roy Ayers,1
Rozalla,1
Rudimental feat. Becky Hill,1
Rui Da Silva,1
Rumer,1
Run the Jewels,1
Run-D.M.C. vs. Jason Nevins,1
Runrig,1
Russell Crowe,1
Ryan Paris,1
Sabir Mateen,1
Sabrina,1
Sailor,1
Saint Chaos,1
Sakis Rouvas,1
Salad,1
Saliva,1
Sam Bailey,1
Sam Brown,1
Samantha Barks,1
Samantha Fox,1
"Sammy Davis, Jr.",1
Sanctus Real,1
Sanna Nielsen,1
Saosin,1
Sara Ramirez,1
Saragossa Band,1
Save Ferris,1
Saves the Day,1
SAYGRACE,1
Scandal,1
Scarlett Johansson,1
ScHoolboy Q,1
Scott Matthews,1
Scottish Quest All Stars,1
Scritti Politti,1
Sea Girls,1
Sea Power & Change,1
Sebastian,1
Secret Garden,1
Sergio Mendes Feat. The Black Eyed Peas,1
Sertab Erener,1
Shabba Ranks feat. Maxi Priest,1
Sham 69,1
Shapeshifters,1
Sharon Corr,1
Sherbet,1
Shinedown,1
Show Of Hands,1
Sick Puppies,1
Sid Vicious,1
Sigala,1
Sigala feat. Bryn Christopher,1
Sigala ft John Newman & Nile Rodgers,1
Sigrid,1
Silk,1
Silver Bullet,1
Simon Pegg,1
Simon Webbe,1
Sinitta,1
Siobhán Donaghy,1
Skeeter Davis,1
Skrillex,1
Skywalker Sound,1
SL2,1
Slaughter,1
Sleeping at Last,1
Sly Fox,1
Smile Like You Mean It,1
Smith Westerns,1
Smokey Robinson,1
Smooth,1
Snoop Dogg & Wiz Khalifa,1
Snow,1
So Solid Crew,1
Son of Dork,1
Sonny & Cher,1
Soul Central feat. Kathy Brown,1
Soul II Soul feat. Caron Wheeler,1
Soulfly,1
Soulja Boy,1
Special D.,1
Spector,1
Spineshank,1
St. Lucia,1
St. Vincent,1
Stakka Bo,1
Stakker,1
Starland Vocal Band,1
stellastarr*,1
Stephan Moccio,1
Stephen Duffy,1
Steve Arrington,1
Stewart Lee,1
Stiltskin,1
Sting feat. Pato Banton,1
Stiv Bators,1
Stockard Channing,1
Storm Queen,1
Stretch & Vern,1
Strike,1
Styles & Breeze,1
Styx,1
Sub Focus,1
Sub Sub,1
Subwoolfer,1
Sufjan Stevens,1
Suicide,1
Sunblock feat. Robin Beck,1
Sundance,1
SuReaL,1
Sweet Sensation,1
Swing Out Sister,1
SWV,1
Sylvester,1
T-Pain,1
T.I.,1
Taco,1
Tag Team,1
Tatyana Ali,1
Tavares,1
Tchami feat. Kaleem Taylor,1
Tee and Mo,1
Temple of the Dog,1
Templecloud,1
Terence Trent D'Arby,1
Terry Davies,1
The 5th Dimension,1
The Aces,1
The Adverts,1
The Age of Love,1
The All Seeing I,1
The Artful Dodger,1
The Baa Baa Shop Quintet,1
The Band Perry,1
The Bellamy Brothers,1
The Big Bopper,1
The Black Jets,1
The Blackout,1
The Blue Stones,1
The Boomtown Rats,1
The Brand New Heavies,1
The Button Down Brass,1
The Centurians,1
The Chainsmokers ft Daya,1
The Cramps,1
The Dave Brubeck Quartet;Jimmy Rushing,1
The Dave Clark Five,1
The Dead 60s,1
The Dead Daisies,1
The Dead Milkmen,1
The Dead Weather,1
The Delfonics,1
The Donnas,1
The Duke Spirit,1
The Emotions,1
The Faim,1
The Firm,1
The Fixx,1
The Fortunes,1
The Fourmost,1
The Gap Band,1
"The Good, the Bad & the Queen",1
The Grid,1
The Harmony Group,1
The Heavy,1
The Heights,1
The Highwaymen,1
The Horrors,1
The Impressions,1
The Irish Rovers,1
The Jesus and Mary Chain,1
The Judds,1
The Justified Ancients of Mu Mu,1
The Kingsmen,1
The Lively Ones,1
The Living End,1
The London Fox Players,1
The Lonely Island feat. Justin Timberlake,1
The Magnetic Fields,1
The Main Ingredient,1
The Marshall Tucker Band,1
The Members,1
The Menzingers,1
The Miracles,1
The Modern Lovers,1
The Moody Blues,1
The Mother Hips,1
The Mountain Goats,1
The Muppet Cast,1
The National,1
The Neptunes,1
The New Pornographers,1
The Notorious B.I.G.,1
The Orb,1
The Outhere Brothers,1
The Paper Kites,1
The Planet Smashers,1
The Platters,1
The Pretty Things,1
The Pussycat Dolls,1
The Real Tuesday Weld,1
The Rezillos,1
The Ronettes,1
The Roots,1
The Saints,1
The Searchers,1
The Seekers,1
The Shirelles,1
The Simpsons,1
The Sisters of Mercy,1
The Skints,1
The Sounds,1
The Spencer Davis Group,1
The Star Spangled Singers,1
The Starting Line,1
The Statler Brothers,1
The Stooges,1
The Struts,1
The Sugarcubes,1
The Sugarhill Gang,1
The Supermen Lovers,1
The Supernaturals,1
The Surfaris,1
The Sutherland Brothers,1
The Three Degrees,1
The Time,1
The Tornadoes,1
The Tornados,1
The Tweets,1
The Twilight Sad,1
The Tymes,1
The Valves,1
The Verve Pipe,1
The Vibrators,1
The Waitresses,1
The Walker Brothers,1
The Weakerthans,1
The Whispers,1
Theaudience,1
Thelma Houston,1
Them Crooked Vultures,1
Theme Park,1
Thrice,1
Thumpers,1
Thunderbugs,1
Thundermother,1
Thursday,1
Tiësto feat. Matthew Koma,1
Tight Fit,1
Tim Burgess,1
Timbaland,1
Timbaland feat. Keri Hilson & Nicole Scherzinger,1
Tin Tin Out feat. Emma Bunton,1
Tito Puente,1
Toad The Wet Sprocket,1
Tom Chaplin,1
Tom Grennan,1
Tom Jones with Robbie Williams,1
Tom Jones with Stereophonics,1
Tom Jones with The Cardigans,1
Tom Powers,1
Tom Robinson Band,1
Tom Waits,1
Tom Walker,1
Tones and I,1
Tony Orlando & Dawn,1
Tony Toni Toné,1
Tower of Power,1
Toyah,1
Tracy Bonham,1
Trapt,1
Trent Reznor,1
Trey Lorenz,1
Trey Parker,1
Trini Lopez,1
Trio,1
Trivium,1
Troy & Gabriella,1
True Steppers and Dane Bowers Feat. Victoria Beckham,1
Truly Smith,1
Turbonegro,1
U2 and Green Day,1
UB40 & Chrissie Hynde,1
UFO,1
Undercover,1
Urge Overkill,1
Us3,1
Usher feat. Juicy J,1
Usher feat. Young Jeezy,1
V,1
V V Brown,1
Van McCoy & The Soul City Symphony,1
Vanessa Paradis,1
Vaughn Monroe,1
Vera Tsu,1
Verna Felton,1
Vicky Leandros,1
Victoria Beckham,1
Victoria Wood,1
Vize,1
VS,1
VV,1
Wake Owl,1
Walter Murphy,1
Wamdue Project,1
Wankelmut & Emma Louise,1
Ward Thomas,1
Waterfront,1
Wax,1
Wayne Brady,1
Wayne Wonder,1
Waze & Odyssey & R. Kelly,1
We Are Catchers,1
We Are the Ocean,1
Weathers,1
Westworld,1
When In Rome,1
White Zombie,1
Who's Molly?,1
Wild Beasts,1
Wild Colour,1
Wildchild,1
Wiley feat. Ms D,1
Wilkinson,1
Will Butler,1
Will Connolly,1
Will Powers,1
Will.I.Am feat. Cheryl Cole,1
will.i.am feat. Cody Wise,1
Will.I.Am feat. Justin Bieber,1
Will.I.Am Feat. Mick Jagger & Jennifer Lopez,1
William Devaughn,1
William Orbit,1
William Shatner,1
Wilson,1
Wir sind Helden,1
Wire,1
Wolfgang Amadeus Mozart,1
Wolfgang Hesse,1
Woods of Ypres,1
Wretch 32 feat. Josh Kumra,1
Wyclef Jean,1
X-Ray Spex,1
Xscape,1
Yael Naim,1
Yasmin,1
Years & Years Feat. Tove Lo,1
Yeasayer,1
Yiruma,1
Ylvis,1
Yolanda Be Cool & Dcup,1
York,1
Yvonne Elliman,1
Yvonne S. Moriarty,1
Zac Brown Band,1
Zacari,1
Zara Larsson,1
Zhané,1
Zoe Birkett,1
Zubin Mehta,1
